{"width": 360, "height": 180, "uMin": -10.325880785709174, "uMax": 61.707066951589695, "vMin": -28.056005814869422, "vMax": 57.86967689626863}