{"width": 360, "height": 180, "uMin": -2, "uMax": 28.50748281021962, "vMin": -15.242286607499466, "vMax": 3.16417923917615}