{"width": 360, "height": 180, "uMin": -2, "uMax": 18.929084714661585, "vMin": -21.9547618325947, "vMax": 2.593259968116101}