{"width": 360, "height": 180, "uMin": -36.51062752686016, "uMax": 52.240719147854975, "vMin": -96.8959206578802, "vMax": 58.43013907607428}