{"width": 360, "height": 180, "uMin": -34.95913422894148, "uMax": 59.4643815159543, "vMin": -21.22185318004597, "vMax": 59.410893632627904}