{"width": 360, "height": 180, "uMin": -2, "uMax": 18.571053401827896, "vMin": -17.728445974992386, "vMax": 8.388141789312364}