{"width": 360, "height": 180, "uMin": -25.5971392005911, "uMax": 41.38308034857516, "vMin": -35.73923741121803, "vMax": 25.61770030871955}