{"width": 360, "height": 180, "uMin": -2.104690429109226, "uMax": 15.098769847279073, "vMin": -4.992816788411915, "vMax": 8.630283876330395}